{
  "IcoMoonType": "selection",
  "icons": [
    {
      "icon": {
        "paths": [
          "M512 736l-288 192 128-320-288-192h320l128-320 128 320h320l-288 192 128 320z"
        ],
        "attrs": [],
        "isMulticolor": false,
        "isMulticolor2": false,
        "tags": [
          "star"
        ],
        "grid": 32
      },
      "attrs": [],
      "properties": {
        "id": 46,
        "order": 31,
        "prevSize": 32,
        "name": "star"
      },
      "setIdx": 0,
      "setId": 10,
      "iconIdx": 45
    },
    {
      "icon": {
        "paths": [
          "M512 42c212 0 384 172 384 384v428c0 70-58 128-128 128h-256v-86h298v-42h-170v-342h170v-86c0-166-132-298-298-298s-298 132-298 298v86h170v342h-128c-70 0-128-58-128-128v-300c0-212 172-384 384-384z"
        ],
        "attrs": [],
        "isMulticolor": false,
        "isMulticolor2": false,
        "tags": [
          "headset_mic"
        ],
        "defaultCode": 58129,
        "grid": 24
      },
      "attrs": [],
      "properties": {
        "ligatures": "headset_mic",
        "id": 377,
        "order": 16,
        "prevSize": 24,
        "name": "headset_mic"
      },
      "setIdx": 2,
      "setId": 8,
      "iconIdx": 377
    },
    {
      "icon": {
        "paths": [
          "M512 384c70 0 128 58 128 128s-58 128-128 128-128-58-128-128 58-128 128-128zM512 726c118 0 214-96 214-214s-96-214-214-214-214 96-214 214 96 214 214 214zM512 192c214 0 396 132 470 320-74 188-256 320-470 320s-396-132-470-320c74-188 256-320 470-320z"
        ],
        "attrs": [],
        "isMulticolor": false,
        "isMulticolor2": false,
        "tags": [
          "visibility"
        ],
        "defaultCode": 59636,
        "grid": 24
      },
      "attrs": [],
      "properties": {
        "ligatures": "remove_red_eye, visibility",
        "id": 620,
        "order": 32,
        "prevSize": 24,
        "name": "visibility"
      },
      "setIdx": 2,
      "setId": 8,
      "iconIdx": 620
    },
    {
      "icon": {
        "paths": [
          "M512 658l160 96-42-182 142-124-188-16-72-172-72 172-188 16 142 124-42 182zM938 394l-232 202 70 300-264-160-264 160 70-300-232-202 306-26 120-282 120 282z"
        ],
        "attrs": [],
        "isMulticolor": false,
        "isMulticolor2": false,
        "tags": [
          "star_border"
        ],
        "defaultCode": 59450,
        "grid": 24
      },
      "attrs": [],
      "properties": {
        "ligatures": "star_border",
        "id": 716,
        "order": 26,
        "prevSize": 24,
        "name": "star_border"
      },
      "setIdx": 2,
      "setId": 8,
      "iconIdx": 716
    },
    {
      "icon": {
        "paths": [
          "M932.992 958.752l-22.688 22.688c-25.12 25.088-65.76 25.088-90.816 0l-181.632-181.568c-20.992-21.056-23.328-52.608-8.992-77.184l-99.328-99.264c-53.408 39.616-119.296 63.328-190.88 63.328-177.28 0-320.992-143.712-320.992-320.992 0-177.312 143.712-321.024 320.992-321.024 177.312 0 320.992 143.712 320.992 321.024 0 82.528-31.36 157.536-82.56 214.4l97.12 97.12c24.576-14.304 56.128-12 77.12 9.056l181.632 181.568c25.088 25.12 25.088 65.792 0.032 90.848zM578.816 364.448c0-132.96-107.808-240.736-240.768-240.736s-240.768 107.744-240.768 240.736 107.776 240.736 240.736 240.736 240.8-107.776 240.8-240.736z"
        ],
        "attrs": [],
        "isMulticolor": false,
        "isMulticolor2": false,
        "tags": [
          "magnifier",
          "search",
          "lookup",
          "find"
        ],
        "grid": 32
      },
      "attrs": [],
      "properties": {
        "id": 156,
        "order": 17,
        "prevSize": 32,
        "name": "magnifier"
      },
      "setIdx": 3,
      "setId": 7,
      "iconIdx": 155
    },
    {
      "icon": {
        "paths": [
          "M1010.176 852.907c-71.552-171.008-209.664-250.581-316.715-287.531 47.787-65.579 73.941-161.792 74.965-279.467 1.749-198.656-162.048-252.629-248.875-253.355-86.869-0.768-251.563 50.347-253.355 249.003-1.024 117.632 23.467 214.229 70.059 280.704-107.648 34.987-247.253 112.299-321.707 281.941l-17.621 40.021 40.491 16.64c8.832 3.541 218.709 88.32 473.685 90.539 255.019 2.261 466.347-78.805 475.264-82.219l40.747-15.872-16.939-40.405zM518.528 117.888c17.024 0.341 165.973 7.595 164.565 167.296-1.109 127.829-35.883 225.024-95.232 266.709l-73.429 51.541-72.363-52.779c-58.667-42.752-91.691-140.544-90.539-268.373 1.408-159.744 150.485-164.352 166.997-164.395zM511.872 906.112c-172.629-1.493-326.315-44.672-398.549-68.565 78.080-136.747 210.389-190.165 311.979-210.645l89.131-17.963 88.789 19.456c101.248 22.315 232.619 78.037 308.352 216.064-72.491 22.699-226.56 63.189-399.701 61.653z"
        ],
        "attrs": [],
        "isMulticolor": false,
        "isMulticolor2": false,
        "tags": [
          "user",
          "profile",
          "avatar",
          "member"
        ],
        "grid": 24
      },
      "attrs": [],
      "properties": {
        "id": 90,
        "order": 18,
        "prevSize": 24,
        "name": "user"
      },
      "setIdx": 4,
      "setId": 6,
      "iconIdx": 89
    },
    {
      "icon": {
        "paths": [
          "M768 298.667v-128.171l-128-127.829h-256l-128 127.829v128.171h-128v725.333h768v-725.333h-128zM384 128h256l42.667 42.667h-341.333l42.667-42.667zM682.667 213.333v85.333h-42.667v-85.333h42.667zM597.333 213.333v85.333h-170.667v-85.333h170.667zM341.333 213.333h42.667v85.333h-42.667v-85.333zM810.667 938.667h-597.333v-554.667h597.333v554.667z"
        ],
        "attrs": [],
        "isMulticolor": false,
        "isMulticolor2": false,
        "tags": [
          "bag",
          "shop",
          "cart"
        ],
        "grid": 24
      },
      "attrs": [],
      "properties": {
        "id": 104,
        "order": 20,
        "prevSize": 24,
        "name": "bag"
      },
      "setIdx": 4,
      "setId": 6,
      "iconIdx": 103
    },
    {
      "icon": {
        "paths": [
          "M640 790c70 0 132-26 180-68l76 76c-68 62-158 98-256 98-168 0-310-108-362-256h-150v-86h130c-2-14-2-28-2-42s0-28 2-42h-130v-86h150c52-148 194-256 362-256 98 0 188 36 256 98l-76 76c-48-42-112-68-180-68-106 0-200 62-246 150h246v86h-274c-2 14-4 28-4 42s2 28 4 42h274v86h-246c46 88 138 150 246 150z"
        ],
        "attrs": [
          {}
        ],
        "isMulticolor": false,
        "isMulticolor2": false,
        "tags": [
          "euro_symbol"
        ],
        "grid": 24
      },
      "attrs": [
        {}
      ],
      "properties": {
        "order": 1,
        "id": 0,
        "prevSize": 24,
        "name": "euro_symbol"
      },
      "setIdx": 5,
      "setId": 5,
      "iconIdx": 0
    },
    {
      "icon": {
        "paths": [
          "M558.857 677.143c0 116.571-83.429 208.571-204.571 228.571v100c0 10.286-8 18.286-18.286 18.286h-77.143c-9.714 0-18.286-8-18.286-18.286v-100c-133.714-18.857-206.857-98.857-209.714-102.286-5.714-6.857-6.286-16.571-1.143-23.429l58.857-77.143c2.857-4 8-6.286 13.143-6.857s10.286 1.143 13.714 5.143c1.143 0.571 81.143 77.143 182.286 77.143 56 0 116.571-29.714 116.571-94.286 0-54.857-67.429-81.714-144.571-112.571-102.857-40.571-230.857-92-230.857-235.429 0-105.143 82.286-192 201.714-214.857v-102.857c0-10.286 8.571-18.286 18.286-18.286h77.143c10.286 0 18.286 8 18.286 18.286v100.571c116 13.143 177.714 76 180 78.286 5.714 6.286 6.857 14.857 2.857 21.714l-46.286 83.429c-2.857 5.143-7.429 8.571-13.143 9.143-5.714 1.143-10.857-0.571-15.429-4-0.571-0.571-69.714-61.714-155.429-61.714-72.571 0-122.857 36-122.857 88 0 60.571 69.714 87.429 150.857 118.857 105.143 40.571 224 86.857 224 224.571z"
        ],
        "attrs": [
          {}
        ],
        "width": 583,
        "isMulticolor": false,
        "isMulticolor2": false,
        "tags": [
          "dollar",
          "usd"
        ],
        "grid": 14
      },
      "attrs": [
        {}
      ],
      "properties": {
        "order": 1,
        "id": 0,
        "prevSize": 28,
        "name": "dollar"
      },
      "setIdx": 6,
      "setId": 4,
      "iconIdx": 0
    },
    {
      "icon": {
        "paths": [
          "M475.802 663.040l36.198 36.198 289.638-289.638-72.397-72.397-217.242 217.19-217.242-217.19-72.397 72.397z"
        ],
        "attrs": [],
        "isMulticolor": false,
        "isMulticolor2": false,
        "tags": [
          "cheveron-down"
        ],
        "grid": 20
      },
      "attrs": [],
      "properties": {
        "id": 76,
        "order": 14,
        "prevSize": 20,
        "name": "cheveron-down"
      },
      "setIdx": 7,
      "setId": 3,
      "iconIdx": 75
    },
    {
      "icon": {
        "paths": [
          "M384 928c0 53.019-42.981 96-96 96s-96-42.981-96-96c0-53.019 42.981-96 96-96s96 42.981 96 96z",
          "M1024 928c0 53.019-42.981 96-96 96s-96-42.981-96-96c0-53.019 42.981-96 96-96s96 42.981 96 96z",
          "M1024 512v-384h-768c0-35.346-28.654-64-64-64h-192v64h128l48.074 412.054c-29.294 23.458-48.074 59.5-48.074 99.946 0 70.696 57.308 128 128 128h768v-64h-768c-35.346 0-64-28.654-64-64 0-0.218 0.014-0.436 0.016-0.656l831.984-127.344z"
        ],
        "tags": [
          "cart",
          "purchase",
          "ecommerce",
          "shopping"
        ],
        "defaultCode": 59706,
        "grid": 16,
        "attrs": []
      },
      "attrs": [],
      "properties": {
        "ligatures": "cart, purchase",
        "name": "cart",
        "order": 30,
        "id": 59,
        "prevSize": 32
      },
      "setIdx": 9,
      "setId": 1,
      "iconIdx": 58
    },
    {
      "icon": {
        "paths": [
          "M480 64c-265.096 0-480 214.904-480 480 0 265.098 214.904 480 480 480 265.098 0 480-214.902 480-480 0-265.096-214.902-480-480-480zM480 928c-212.078 0-384-171.922-384-384s171.922-384 384-384c212.078 0 384 171.922 384 384s-171.922 384-384 384zM512 512v-128h128v-64h-128v-64h-64v64h-128v256h128v128h-128v64h128v64h64v-64h128.002l-0.002-256h-128zM448 512h-64v-128h64v128zM576.002 704h-64.002v-128h64.002v128z"
        ],
        "tags": [
          "coin-dollar",
          "money",
          "cash",
          "currency-dollar"
        ],
        "defaultCode": 59707,
        "grid": 16,
        "attrs": []
      },
      "attrs": [],
      "properties": {
        "ligatures": "coin-dollar, money",
        "name": "coin-dollar",
        "order": 23,
        "id": 60,
        "prevSize": 32
      },
      "setIdx": 9,
      "setId": 1,
      "iconIdx": 59
    },
    {
      "icon": {
        "paths": [
          "M704 64l-320 320h-192l-192 256c0 0 203.416-56.652 322.066-30.084l-322.066 414.084 421.902-328.144c58.838 134.654-37.902 328.144-37.902 328.144l256-192v-192l320-320 64-320-320 64z"
        ],
        "tags": [
          "rocket",
          "jet",
          "speed",
          "spaceship",
          "fast"
        ],
        "defaultCode": 59813,
        "grid": 16,
        "attrs": []
      },
      "attrs": [],
      "properties": {
        "ligatures": "rocket, jet",
        "name": "rocket",
        "order": 25,
        "id": 166,
        "prevSize": 32
      },
      "setIdx": 9,
      "setId": 1,
      "iconIdx": 165
    },
    {
      "icon": {
        "paths": [
          "M1024 576l-128-256h-192v-128c0-35.2-28.8-64-64-64h-576c-35.2 0-64 28.8-64 64v512l64 64h81.166c-10.898 18.832-17.166 40.678-17.166 64 0 70.692 57.308 128 128 128s128-57.308 128-128c0-23.322-6.268-45.168-17.166-64h354.334c-10.898 18.832-17.168 40.678-17.168 64 0 70.692 57.308 128 128 128s128-57.308 128-128c0-23.322-6.27-45.168-17.168-64h81.168v-192zM704 576v-192h132.668l96 192h-228.668z"
        ],
        "tags": [
          "truck",
          "transit",
          "transport",
          "delivery",
          "vehicle"
        ],
        "defaultCode": 59824,
        "grid": 16,
        "attrs": []
      },
      "attrs": [],
      "properties": {
        "ligatures": "truck, transit",
        "name": "truck",
        "order": 21,
        "id": 177,
        "prevSize": 32
      },
      "setIdx": 9,
      "setId": 1,
      "iconIdx": 176
    },
    {
      "icon": {
        "paths": [
          "M325.8 457.4v111.8h184.8c-7.4 48-55.8 140.6-184.8 140.6-111.2 0-202-92.2-202-205.8s90.8-205.8 202-205.8c63.4 0 105.6 27 129.8 50.2l88.4-85.2c-56.8-53-130.4-85.2-218.2-85.2-180.2 0.2-325.8 145.8-325.8 326s145.6 325.8 325.8 325.8c188 0 312.8-132.2 312.8-318.4 0-21.4-2.4-37.8-5.2-54h-307.6z",
          "M1024 448h-96v-96h-96v96h-96v96h96v96h96v-96h96z"
        ],
        "tags": [
          "google-plus",
          "brand",
          "social"
        ],
        "defaultCode": 60043,
        "grid": 16,
        "attrs": []
      },
      "attrs": [],
      "properties": {
        "ligatures": "google-plus, brand5",
        "name": "google-plus",
        "order": 7,
        "id": 396,
        "prevSize": 32
      },
      "setIdx": 9,
      "setId": 1,
      "iconIdx": 395
    },
    {
      "icon": {
        "paths": [
          "M608 192h160v-192h-160c-123.514 0-224 100.486-224 224v96h-128v192h128v512h192v-512h160l32-192h-192v-96c0-17.346 14.654-32 32-32z"
        ],
        "tags": [
          "facebook",
          "brand",
          "social"
        ],
        "defaultCode": 60048,
        "grid": 16,
        "attrs": []
      },
      "attrs": [],
      "properties": {
        "ligatures": "facebook, brand10",
        "name": "facebook",
        "order": 8,
        "id": 401,
        "prevSize": 32
      },
      "setIdx": 9,
      "setId": 1,
      "iconIdx": 400
    },
    {
      "icon": {
        "paths": [
          "M1024 226.4c-37.6 16.8-78.2 28-120.6 33 43.4-26 76.6-67.2 92.4-116.2-40.6 24-85.6 41.6-133.4 51-38.4-40.8-93-66.2-153.4-66.2-116 0-210 94-210 210 0 16.4 1.8 32.4 5.4 47.8-174.6-8.8-329.4-92.4-433-219.6-18 31-28.4 67.2-28.4 105.6 0 72.8 37 137.2 93.4 174.8-34.4-1-66.8-10.6-95.2-26.2 0 0.8 0 1.8 0 2.6 0 101.8 72.4 186.8 168.6 206-17.6 4.8-36.2 7.4-55.4 7.4-13.6 0-26.6-1.4-39.6-3.8 26.8 83.4 104.4 144.2 196.2 146-72 56.4-162.4 90-261 90-17 0-33.6-1-50.2-3 93.2 59.8 203.6 94.4 322.2 94.4 386.4 0 597.8-320.2 597.8-597.8 0-9.2-0.2-18.2-0.6-27.2 41-29.4 76.6-66.4 104.8-108.6z"
        ],
        "tags": [
          "twitter",
          "brand",
          "tweet",
          "social"
        ],
        "defaultCode": 60054,
        "grid": 16,
        "attrs": []
      },
      "attrs": [],
      "properties": {
        "ligatures": "twitter, brand16",
        "name": "twitter",
        "order": 11,
        "id": 407,
        "prevSize": 32
      },
      "setIdx": 9,
      "setId": 1,
      "iconIdx": 406
    },
    {
      "icon": {
        "paths": [
          "M1013.8 307.2c0 0-10-70.6-40.8-101.6-39-40.8-82.6-41-102.6-43.4-143.2-10.4-358.2-10.4-358.2-10.4h-0.4c0 0-215 0-358.2 10.4-20 2.4-63.6 2.6-102.6 43.4-30.8 31-40.6 101.6-40.6 101.6s-10.2 82.8-10.2 165.8v77.6c0 82.8 10.2 165.8 10.2 165.8s10 70.6 40.6 101.6c39 40.8 90.2 39.4 113 43.8 82 7.8 348.2 10.2 348.2 10.2s215.2-0.4 358.4-10.6c20-2.4 63.6-2.6 102.6-43.4 30.8-31 40.8-101.6 40.8-101.6s10.2-82.8 10.2-165.8v-77.6c-0.2-82.8-10.4-165.8-10.4-165.8zM406.2 644.8v-287.8l276.6 144.4-276.6 143.4z"
        ],
        "tags": [
          "youtube",
          "brand",
          "social"
        ],
        "defaultCode": 60061,
        "grid": 16,
        "attrs": []
      },
      "attrs": [],
      "properties": {
        "ligatures": "youtube, brand21",
        "name": "youtube",
        "order": 9,
        "id": 414,
        "prevSize": 32
      },
      "setIdx": 9,
      "setId": 1,
      "iconIdx": 413
    },
    {
      "icon": {
        "paths": [
          "M512 68.4c-245 0-443.6 198.6-443.6 443.6 0 188 117 348.4 282 413-3.8-35-7.4-89 1.6-127.2 8-34.6 52-220.4 52-220.4s-13.2-26.6-13.2-65.8c0-61.6 35.8-107.8 80.2-107.8 37.8 0 56.2 28.4 56.2 62.4 0 38-24.2 95-36.8 147.6-10.6 44.2 22 80.2 65.6 80.2 78.8 0 139.4-83.2 139.4-203.2 0-106.2-76.4-180.4-185.2-180.4-126.2 0-200.2 94.6-200.2 192.6 0 38.2 14.6 79 33 101.2 3.6 4.4 4.2 8.2 3 12.8-3.4 14-10.8 44.2-12.4 50.4-2 8.2-6.4 9.8-14.8 6-55.4-25.8-90-106.8-90-171.8 0-140 101.6-268.4 293-268.4 153.8 0 273.4 109.6 273.4 256.2 0 152.8-96.4 276-230.2 276-45 0-87.2-23.4-101.6-51 0 0-22.2 84.6-27.6 105.4-10 38.6-37 86.8-55.2 116.2 41.6 12.8 85.6 19.8 131.4 19.8 245 0 443.6-198.6 443.6-443.6 0-245.2-198.6-443.8-443.6-443.8z"
        ],
        "tags": [
          "pinterest",
          "brand",
          "social"
        ],
        "defaultCode": 60113,
        "grid": 16,
        "attrs": []
      },
      "attrs": [],
      "properties": {
        "name": "pinterest",
        "ligatures": "pinterest, brand72",
        "order": 10,
        "id": 466,
        "prevSize": 32
      },
      "setIdx": 9,
      "setId": 1,
      "iconIdx": 465
    }
  ],
  "height": 1024,
  "preferences": {
    "showGlyphs": true,
    "showQuickUse": true,
    "showQuickUse2": true,
    "showSVGs": true,
    "fontPref": {
      "prefix": "icon-",
      "metadata": {
        "fontFamily": "icomoon"
      },
      "metrics": {
        "emSize": 1024,
        "baseline": 6.25,
        "whitespace": 50
      },
      "embed": false
    },
    "imagePref": {
      "prefix": "icon-",
      "png": false,
      "useClassSelector": true,
      "color": 0,
      "bgColor": 16777215,
      "classSelector": ".icon",
      "name": "icomoon",
      "height": 32,
      "columns": 16,
      "margin": 16
    },
    "historySize": 50,
    "showCodes": true,
    "gridSize": 16
  }
}